{"cameraMode":{"drawMode":0,"name":"Shaded","section":"Shading Mode"},"sceneLighting":true,"audioPlay":false,"sceneViewState":{"showFog":true,"showMaterialUpdate":false,"showSkybox":true,"showFlares":true,"showImageEffects":true,"showParticleSystems":true},"in2DMode":false,"pivot":{"x":0.40774035453796389,"y":-22.60725212097168,"z":29.489952087402345},"rotation":{"x":-0.3663580119609833,"y":0.03125324100255966,"z":-0.01231453102082014,"w":-0.9298791885375977},"size":21.704544067382814,"orthographic":false}