{"cameraMode":{"drawMode":0,"name":"Shaded","section":"Shading Mode"},"sceneLighting":true,"audioPlay":false,"sceneViewState":{"showFog":true,"showMaterialUpdate":false,"showSkybox":true,"showFlares":true,"showImageEffects":true,"showParticleSystems":true},"in2DMode":false,"pivot":{"x":1.0586705207824708,"y":1.0870895385742188,"z":14.6141357421875},"rotation":{"x":-0.2597951591014862,"y":-0.0008713571587577462,"z":0.00023482127289753407,"w":-0.9656669497489929},"size":31.6168270111084,"orthographic":false}